feature,importance_mean,importance_std
SpeedLimit,1.2434473547022376,0.027379888438677537
F85thPercentileSpeed,0.8981814317506283,0.02809678912148503
MedianSpeed,0.27772744146816264,0.008458313347531502
region,0.181925734533923,0.010239352934712863
RankedPercentile,0.04445158207824882,0.0033007731029254996
SampleSize_avg,0.011246700240445629,0.002663384914446576
Shape_Length,0.005951928412937102,0.002062619306437416
WeightedSample,0.004448158594480089,0.0017561768965214854
