model,MAE,RMSE,R2
LinearRegression,0.1347950798282396,0.17608870658769074,0.567151147960982
RandomForestRegressor,0.030291352927612557,0.07637815664067754,0.918564904811019
DummyRegressor,0.21235503425942898,0.28418869634164134,-0.12742292806645894
