train_region,test_region,feature_set,model,n_train,n_test,MAE,RMSE,R2
Thailand,Maharashtra,full,LinearRegression,11529,3264,0.2401669545271436,0.3100127669225236,0.004355192986122192
Thailand,Maharashtra,full,RandomForestRegressor,11529,3264,0.18430592182796687,0.27861479722718646,0.1958193286924731
Thailand,Maharashtra,safe,LinearRegression,11529,3264,0.3089665449995618,0.3529765236787777,-0.290734497382122
Thailand,Maharashtra,safe,RandomForestRegressor,11529,3264,0.30725545170705215,0.3779091448273017,-0.4795173996596287
Maharashtra,Thailand,full,LinearRegression,3264,11529,0.8797871380956492,0.9808970231759401,-14.790152984830359
Maharashtra,Thailand,full,RandomForestRegressor,3264,11529,0.2010572627792713,0.2708947841979891,-0.20431692859875206
Maharashtra,Thailand,safe,LinearRegression,3264,11529,0.25536198277236155,0.2956305155163976,-0.43429348611946206
Maharashtra,Thailand,safe,RandomForestRegressor,3264,11529,0.2586740170617981,0.3111296854483645,-0.5886287010336935
